"yi","sei","ncase","nevent","dlab","vaccine_dose","vaccine_brand","subset"
1.23085360896689,0.15636519976115,349,349,1,1,"moderna","all"
0.563520989794048,1.00467036616769,349,349,1,2,"moderna","all"
1.10043698597592,0.16816494512921,349,349,1,3,"moderna","all"
1.60409328978236,0.211267037095507,349,349,1,4,"moderna","all"
2.05876356374557,0.586172642407491,349,349,1,5,"moderna","all"
1.84262292604595,0.153230838970559,349,349,1,6,"moderna","all"
